Name,Price,Link
Raphael Angels,10.50 ₾,https://altersocks.com/wp-content/uploads/2024/05/Raphael-Angels-500x500.jpg
Da Vinci Vitruvian Man,10.50 ₾,https://altersocks.com/wp-content/uploads/2024/05/Da-Vinci-Vitruvian-Man-500x500.jpg
Electric Yellow,10.50 ₾,https://altersocks.com/wp-content/uploads/2024/03/Electric-Yellow-500x500.jpg
Caramel,10.50 ₾,https://altersocks.com/wp-content/uploads/2024/03/Caramel-500x500.jpg
Brownie,10.50 ₾,https://altersocks.com/wp-content/uploads/2024/03/Brownie-500x500.jpg
Bordeaux,10.50 ₾,https://altersocks.com/wp-content/uploads/2024/03/Bordeaux-500x500.jpg
Alien Green,10.50 ₾,https://altersocks.com/wp-content/uploads/2024/03/Alien-Green-500x500.jpg
Saperavi,10.50 ₾,https://altersocks.com/wp-content/uploads/2024/03/Saperavi-500x500.jpg
Rising Sun,10.50 ₾,https://altersocks.com/wp-content/uploads/2024/03/Rising-Sun-500x500.jpg
Raspberry,10.50 ₾,https://altersocks.com/wp-content/uploads/2024/03/Raspbberry-500x500.jpg
PINK,10.50 ₾,https://altersocks.com/wp-content/uploads/2024/03/PINK-500x500.jpg
Light Sky Blue,10.50 ₾,https://altersocks.com/wp-content/uploads/2024/03/Light-Sky-blue-500x500.jpg
Light Pink,10.50 ₾,https://altersocks.com/wp-content/uploads/2024/03/Light-Pink-500x500.jpg
Grass Green,10.50 ₾,https://altersocks.com/wp-content/uploads/2024/03/Grass-Green-500x500.jpg
Good Yellow,10.50 ₾,https://altersocks.com/wp-content/uploads/2024/03/Good-Yellow-500x500.jpg
Good Green,10.50 ₾,https://altersocks.com/wp-content/uploads/2024/03/Good-Green-500x500.jpg
Flame Red,10.50 ₾,https://altersocks.com/wp-content/uploads/2024/03/Flame-Red-500x500.jpg
Faded Yellow,10.50 ₾,https://altersocks.com/wp-content/uploads/2024/03/Faded-yellow-500x500.jpg
Faded Blue,10.50 ₾,https://altersocks.com/wp-content/uploads/2024/03/Faded-Blue-500x500.jpg
Svan Towers Socks,10.50 ₾,https://altersocks.com/wp-content/uploads/2024/02/Svaneti-500x500.jpg
Pop-Art Khinkali Socks,10.50 ₾,https://altersocks.com/wp-content/uploads/2024/02/Pop-art-Khinkali-500x500.jpg
One More Chapter Socks,10.50 ₾,https://altersocks.com/wp-content/uploads/2024/02/One-More-Chapter-500x500.jpg
Let’s Fly Socks,10.50 ₾,https://altersocks.com/wp-content/uploads/2024/02/Lets-Fly-500x500.jpg
Let’s Dance Socks,10.50 ₾,https://altersocks.com/wp-content/uploads/2024/02/Lets-Fance-500x500.jpg
Lemon Socks,10.50 ₾,https://altersocks.com/wp-content/uploads/2024/02/Lemons-500x500.jpg
Imereti Valley Socks,10.50 ₾,https://altersocks.com/wp-content/uploads/2024/02/Imereti-Valleys-500x500.jpg
Fox Socks,10.50 ₾,https://altersocks.com/wp-content/uploads/2024/02/Fox-500x500.jpg
Colorful Socks,10.50 ₾,https://altersocks.com/wp-content/uploads/2024/02/Colorful-Forest-500x500.jpg
Autumn Forest Socks,10.50 ₾,https://altersocks.com/wp-content/uploads/2024/02/Autumn-Forest-500x500.jpg
Khevsuruli Pattern Socks,10.50 ₾,https://altersocks.com/wp-content/uploads/2022/01/khevsuruli-pattern-500x500.jpg
The Son of Man by René Magritte,10.50 ₾,https://altersocks.com/wp-content/uploads/2022/01/rene-magritte-son-of-man-500x500.jpg
schrödinger’s Cat Socks,10.50 ₾,https://altersocks.com/wp-content/uploads/2022/01/schrodingers-cat-socks-500x500.jpg
Creation of Adam Socks,10.50 ₾,https://altersocks.com/wp-content/uploads/2022/01/Creation-of-Adam-500x500.jpg
RAVE Socks,10.50 ₾,https://altersocks.com/wp-content/uploads/2023/06/khevsuruli-pattern-500x500.jpg
SLAY Socks Colorful,10.50 ₾,https://altersocks.com/wp-content/uploads/2022/01/Slay-socks-colorful-500x500.jpg
SLAY Socks White,10.50 ₾,https://altersocks.com/wp-content/uploads/2022/01/Slay-socks-white-500x500.jpg
Tic-tac-toe Game Socks,10.50 ₾,https://altersocks.com/wp-content/uploads/2022/01/x-and-o-500x500.jpg
GenZ PWR Socks,10.50 ₾,https://altersocks.com/wp-content/uploads/2022/01/Genz-pwr-power-socks-500x500.jpg
All We Have is Now Socks,10.50 ₾,https://altersocks.com/wp-content/uploads/2022/01/all-we-have-is-now-500x500.jpg
Glory to Ukraine! Glory to Heroes!,12.00 ₾,https://altersocks.com/wp-content/uploads/2022/03/Glory-to-ukraine-500x500.jpg
Tiger Pattern,10.50 ₾,https://altersocks.com/wp-content/uploads/2022/01/tiger-socks-500x500.jpg
Avocado,10.50 ₾,https://altersocks.com/wp-content/uploads/2022/01/Avocado-socks-500x500.jpg
წეროები მიფრინავენ..,10.50 ₾,https://altersocks.com/wp-content/uploads/2022/01/წეროები-მიფრინავენ-500x500.jpg
Fourth Hokage Socks,10.50 ₾,https://altersocks.com/wp-content/uploads/2022/01/Fourth-Hokage-socks-500x500.jpg
let’s Cook,10.50 ₾,https://altersocks.com/wp-content/uploads/2022/01/Lets-cook-cooking-socks-500x500.jpg
კაი ჩემო ძმაო,10.50 ₾,https://altersocks.com/wp-content/uploads/2022/01/kai-chemo-dzmao-კაი-ჩემო-ძმაო-500x500.jpg
Dance by Henri Matisse,10.50 ₾,https://altersocks.com/wp-content/uploads/2022/01/Matisse-Dance-socks-500x500.jpg
Big Brother is Watching You,10.50 ₾,https://altersocks.com/wp-content/uploads/2022/01/Big-Brother-is-Watching-You-1987-socks-500x500.jpg
PS Gamer Socks,10.50 ₾,https://altersocks.com/wp-content/uploads/2022/01/Gamer-socks-500x500.jpg
Doge Socks,10.50 ₾,https://altersocks.com/wp-content/uploads/2022/01/doge-socks-500x500.jpg
Skateboard Socks,10.50 ₾,https://altersocks.com/wp-content/uploads/2022/01/Skateboards-socks-500x500.jpg
Collab x Mzesumzira,12.00 ₾,https://altersocks.com/wp-content/uploads/2022/01/mzesu-500x500.jpg
The Wave of Kanagawa Face Mask,10.00 ₾,https://altersocks.com/wp-content/uploads/2021/12/kanagawa-face-mask-500x500.jpg
Dinosaur Socks for Kids,9.50 ₾,https://altersocks.com/wp-content/uploads/2021/04/dinosaur-socks-for-kids-500x500.jpg
Little Prince Socks for Kids,9.50 ₾,https://altersocks.com/wp-content/uploads/2021/04/little-prince-socks-for-kids-500x500.jpg
Dinosaur Face Mask for Adults,10.00 ₾,https://altersocks.com/wp-content/uploads/2021/04/Dinosaur-Face-Mask-for-Adults-500x500.jpg
Dinosaur Face Mask for Kids,10.00 ₾,https://altersocks.com/wp-content/uploads/2021/04/Dinosaur-Face-Mask-for-Kids-500x500.jpg
Capricorn Socks,10.50 ₾,https://altersocks.com/wp-content/uploads/2021/04/12-Capricorn-500x500.jpg
Sagittarius Socks,10.50 ₾,https://altersocks.com/wp-content/uploads/2021/04/11-Sagitarius-500x500.jpg
Scorpio Socks,10.50 ₾,https://altersocks.com/wp-content/uploads/2021/04/10-scorpio-500x500.jpg
Libra Socks,10.50 ₾,https://altersocks.com/wp-content/uploads/2021/04/9-Libra-500x500.jpg
Virgo Socks,10.50 ₾,https://altersocks.com/wp-content/uploads/2021/04/8-Virgo-500x500.jpg
Leo Socks,10.50 ₾,https://altersocks.com/wp-content/uploads/2021/04/7-Leo-500x500.jpg
Cancer Socks,10.50 ₾,https://altersocks.com/wp-content/uploads/2021/04/6-Cancer-500x500.jpg
Gemini Socks,10.50 ₾,https://altersocks.com/wp-content/uploads/2021/04/5-Gemini-500x500.jpg
Taurus Socks,10.50 ₾,https://altersocks.com/wp-content/uploads/2021/04/4-Taurus-500x500.jpg
Aries Socks,10.50 ₾,https://altersocks.com/wp-content/uploads/2021/04/3-Aries-500x500.jpg
Pisces Socks,10.50 ₾,https://altersocks.com/wp-content/uploads/2021/04/2-Pisces-500x500.jpg
Aquarius Socks,10.50 ₾,https://altersocks.com/wp-content/uploads/2021/04/1-Aquarius-500x500.jpg
Face Mask with Georgian Traditional Pattern Purple,10.00 ₾,https://altersocks.com/wp-content/uploads/2020/12/purple-1-500x500.jpg
Face Mask with Georgian Traditional Pattern Red,10.00 ₾,https://altersocks.com/wp-content/uploads/2020/12/Red-1-500x500.jpg
Collab x Fabrika Hostel,12.00 ₾,https://altersocks.com/wp-content/uploads/2020/12/Fabrika-socks-500x500.jpg
Planets Face Mask,10.00 ₾,https://altersocks.com/wp-content/uploads/2020/12/planet-Face-Mask-500x500.jpg
Khevsuruli Pattern Face Mask,10.00 ₾,https://altersocks.com/wp-content/uploads/2020/12/khevsuruli-pattern-Face-Mask-500x500.jpg
Mondrian Face Mask,10.00 ₾,https://altersocks.com/wp-content/uploads/2020/12/Mondrian-Face-Mask-500x500.jpg
Gudauri Socks,10.50 ₾,https://altersocks.com/wp-content/uploads/2020/11/gudauri-500x500.jpg
DZE Georgian Project Socks,12.00 ₾,https://altersocks.com/wp-content/uploads/2020/06/DZE-Georgian-Project-500x500.jpg
Planet Socks for Kids,9.50 ₾,https://altersocks.com/wp-content/uploads/2017/06/Planet-kids-500x500.jpg
Unicorn Socks for Kids,9.50 ₾,https://altersocks.com/wp-content/uploads/2017/06/Unicorn-kids-500x500.jpg
Pirosmani Fisherman Socks for Kids,9.50 ₾,https://altersocks.com/wp-content/uploads/2017/06/Pirosmani-fisherman-kids-500x500.jpg
Georgian Alphabet Socks Red,10.50 ₾,https://altersocks.com/wp-content/uploads/2019/12/Red-Alphabet-socks-500x500.jpg
Sushi Socks,10.50 ₾,https://altersocks.com/wp-content/uploads/2019/11/Sushie-500x500.jpg
Kvevri Socks,10.50 ₾,https://altersocks.com/wp-content/uploads/2019/11/Qvevri-Kvevri-Socks-500x500.jpg
Retro Comics Socks,10.50 ₾,https://altersocks.com/wp-content/uploads/2019/11/Retro-Comic-Book-Socks-500x500.jpg
👾 Game Over Socks,10.50 ₾,https://altersocks.com/wp-content/uploads/2019/11/Game-Over-Socks-500x500.jpg
Kazbegi Socks,10.50 ₾,https://altersocks.com/wp-content/uploads/2019/11/Kazbegi-Socks-500x500.jpg
Dogs and Puppies Socks,10.50 ₾,https://altersocks.com/wp-content/uploads/2019/11/Dogs-and-Puppy-Socks-1-500x500.jpg
Cactus Socks,10.50 ₾,https://altersocks.com/wp-content/uploads/2019/11/Cactus-Socks-500x500.jpg
Dinosaur Socks,10.50 ₾,https://altersocks.com/wp-content/uploads/2019/11/Dinosaurs-Socks-500x500.jpg
Collab with LAMB,12.00 ₾,https://altersocks.com/wp-content/uploads/2019/11/LAMB-500x500.jpg
Collab with Gamez,12.00 ₾,https://altersocks.com/wp-content/uploads/2019/11/GAMEZ-500x500.jpg
Autumn Leaves Socks Dark Red,10.50 ₾,https://altersocks.com/wp-content/uploads/2019/10/Autumn-Light-Red-500x500.jpg
Autumn Leaves Socks Bordo,10.50 ₾,https://altersocks.com/wp-content/uploads/2019/10/Autumn-bordo-500x500.jpg
Alien Shoelaces,10.00 ₾,https://altersocks.com/wp-content/uploads/2019/07/alien-shoelaces-500x500.jpg
Khinkali Low Cut Pink 35-40,9.50 ₾,https://altersocks.com/wp-content/uploads/2019/07/red-khinkali-low-cut-pink-500x500.jpg
Khinkali Low Cut Red 41-45,9.50 ₾,https://altersocks.com/wp-content/uploads/2019/07/red-khinkali-low-cut-man-500x500.jpg
Khinkali Low Cut Red 35-40,9.50 ₾,https://altersocks.com/wp-content/uploads/2019/07/red-khinkali-low-cut-woman-500x500.jpg
Georgian Alphabet Socks,10.50 ₾,https://altersocks.com/wp-content/uploads/2019/05/Georgian-Alphabet-Socks-500x500.jpg
Pirosmani Margarita Socks,10.50 ₾,https://altersocks.com/wp-content/uploads/2019/05/Pirosmani-Aktrisa-Margarita-socks-500x500.jpg
Van Gogh’s Self-Portrait Socks,10.50 ₾,https://altersocks.com/wp-content/uploads/2019/05/Vincent-Van-Gogh-Self-Portrait-Socks-500x500.jpg
Sakura Blossom Socks,10.50 ₾,https://altersocks.com/wp-content/uploads/2019/05/Sakura-blossom-socks-500x500.jpg
Pink Freud Socks,10.50 ₾,https://altersocks.com/wp-content/uploads/2019/05/Pink-Freud-Socks-500x500.jpg
90’s Kids Socks Black,10.50 ₾,https://altersocks.com/wp-content/uploads/2019/05/90s-kids-socks-black-500x500.jpg
Unicorn Socks,10.50 ₾,https://altersocks.com/wp-content/uploads/2020/06/Unicorn-Socks-500x500.jpg
Khinkali Socks Pink,10.50 ₾,https://altersocks.com/wp-content/uploads/2020/06/Pink-Khinkali-Socks-500x500.jpg
Planet Socks New,10.50 ₾,https://altersocks.com/wp-content/uploads/2020/04/Planet-Socks--500x500.jpg
Winged Painter by Petre Otskheli,10.50 ₾,https://altersocks.com/wp-content/uploads/2020/06/Petre-Otskheli-Flying-Painter-Socks-500x500.jpg
Flying Painter by Petre Otskheli,10.50 ₾,https://altersocks.com/wp-content/uploads/2020/06/Petre-Otskheli-Winged-painter-500x500.jpg
Nikola Tesla Socks,10.50 ₾,https://altersocks.com/wp-content/uploads/2020/06/Nikola-Tesla-Socks-500x500.jpg
ფეხზე მკიდია Socks,10.50 ₾,https://altersocks.com/wp-content/uploads/2020/06/Pexze-Pekhze-Mkidia-Socks-500x500.jpg
Giraffe Socks,10.50 ₾,https://altersocks.com/wp-content/uploads/2020/06/Giraffe-Socks-500x500.jpg
Sumo Socks,10.50 ₾,https://altersocks.com/wp-content/uploads/2020/04/Sumo-Socks-500x500.jpg
The Great Wave off Kanagawa Socks,10.50 ₾,https://altersocks.com/wp-content/uploads/2020/06/Hokusai-The-Great-Wave-of-Kanagawa-Socks-500x500.jpg
Moped Socks,10.50 ₾,https://altersocks.com/wp-content/uploads/2020/04/Scooters-Socks-500x500.jpg
Music is My Life Socks,10.50 ₾,https://altersocks.com/wp-content/uploads/2020/06/Music-is-my-life-socks-1-500x500.jpg
Khinkali Low Cut blue 41-45,9.50 ₾,https://altersocks.com/wp-content/uploads/2018/12/khinkalo-lowcut-blue-m-500x500.jpg
Khinkali Low Cut blue 35-40,9.50 ₾,https://altersocks.com/wp-content/uploads/2018/12/khinkalo-lowcut-blue-w-500x500.jpg
Khinkali Low Cut 35-40,9.50 ₾,https://altersocks.com/wp-content/uploads/2018/12/khinkali_w_lowcut-500x500.jpg
Adjaruli Khachapuri Low Cut 35-40,9.50 ₾,https://altersocks.com/wp-content/uploads/2018/02/Adjaruli_khachapuri_lowcut-500x500.jpg
Prism Socks,10.50 ₾,https://altersocks.com/wp-content/uploads/2020/04/Prism-Socks-500x500.jpg
Cats Socks,10.50 ₾,https://altersocks.com/wp-content/uploads/2020/04/Cat-socks-500x500.jpg
Vincent Van Gogh Sunflowers Socks,10.50 ₾,https://altersocks.com/wp-content/uploads/2020/04/Vincent-Van-Gogh-Sunflowers-Socks-500x500.jpg
Georgian Wine Socks,10.50 ₾,https://altersocks.com/wp-content/uploads/2020/04/Wine-Socks-500x500.jpg
Einstein Relativity Socks,10.50 ₾,https://altersocks.com/wp-content/uploads/2020/06/Albert-Eisntein-Relativity-Socks-500x500.jpg
Adjaruli Khachapuri Socks for Kids,9.50 ₾,https://altersocks.com/wp-content/uploads/2017/06/Adjaruli-Kids-500x500.jpg
Thick Colored Stripes,10.50 ₾,https://altersocks.com/wp-content/uploads/2020/06/Thick-colored-stripes-striped-socks-500x500.jpg
Thin Colored Stripes,10.50 ₾,https://altersocks.com/wp-content/uploads/2020/06/Thin-colored-stripes-striped-socks-500x500.jpg
Black and White Stripes with Red details,10.50 ₾,https://altersocks.com/wp-content/uploads/2020/06/Black-and-White-striped-socks-with-red-500x500.jpg
Camping Socks,10.50 ₾,https://altersocks.com/wp-content/uploads/2020/04/Camping-socks-500x500.jpg
Flag of Georgia,10.50 ₾,https://altersocks.com/wp-content/uploads/2020/06/Flag-of-Georgia-Socks-500x500.jpg
Let it Beer Socks,10.50 ₾,https://altersocks.com/wp-content/uploads/2020/04/Let-it-Beer-Socks-500x500.jpg
Planet Knee High Socks,12.00 ₾,https://altersocks.com/wp-content/uploads/2017/07/Planet_getri-500x500.jpg
Visa Liberalisation Socks GE-EU,10.50 ₾,https://altersocks.com/wp-content/uploads/2020/06/Georgia-Europe-Visa-Liberalization-Socks-500x500.jpg
Adjaruli Khachapuri Low Cut 41-45,9.50 ₾,https://altersocks.com/wp-content/uploads/2017/06/Adjaruli_khachapuri_lowcut_m-500x500.jpg
Khinkali Socks Red,10.50 ₾,https://altersocks.com/wp-content/uploads/2020/06/Khinkali-Socks-Red-500x500.jpg
Pizza Socks Blue,10.50 ₾,https://altersocks.com/wp-content/uploads/2020/04/Pizza-Socks-500x500.jpg
Camera Socks Yellow,10.50 ₾,https://altersocks.com/wp-content/uploads/2020/04/Camera-Yellow-socks-500x500.jpg
Mona Lisa,10.50 ₾,https://altersocks.com/wp-content/uploads/2020/06/Mona-Lisa-Socks-500x500.jpg
Starry Night by Vincent Van Gogh,10.50 ₾,https://altersocks.com/wp-content/uploads/2020/06/Vincent-Van-Gogh-Starry-Night-Socks-500x500.jpg
Alien Socks,10.50 ₾,https://altersocks.com/wp-content/uploads/2020/04/Alien-Socks-500x500.jpg
The Little Prince,10.50 ₾,https://altersocks.com/wp-content/uploads/2020/06/Little-Prince-Socks-500x500.jpg
Khinkali Low Cut Violet 40-45,9.50 ₾,https://altersocks.com/wp-content/uploads/2017/06/khinkali_lowcut-500x500.jpg
Khinkali Socks for Kids,9.50 ₾,https://altersocks.com/wp-content/uploads/2017/06/Khinkali-Kids-500x500.jpg
Chokha Socks for Kids,9.50 ₾,https://altersocks.com/wp-content/uploads/2017/06/Chokha-kids-500x500.jpg
Chokha Socks,10.50 ₾,https://altersocks.com/wp-content/uploads/2020/06/Chokha-Socks-500x500.jpg
Adjaruli Khachapuri Socks,10.50 ₾,https://altersocks.com/wp-content/uploads/2020/06/Adjaruli-Acharuli-Khachapuri-Socks-500x500.jpg
Pirosmani Fisherman Socks,10.50 ₾,https://altersocks.com/wp-content/uploads/2020/06/Pirosmani-Fisherman-Socks-500x500.jpg
Khinkali Socks Blue,10.50 ₾,https://altersocks.com/wp-content/uploads/2020/06/Khinkali-Socks-Blue-500x500.jpg
Piet Mondrian socks,10.50 ₾,https://altersocks.com/wp-content/uploads/2020/04/Piet-Mondrian-Socks-500x500.jpg
Charlie Chaplin Socks,10.50 ₾,https://altersocks.com/wp-content/uploads/2020/06/Charlie-Chaplin-Socks-500x500.jpg
